{
	"description": "项目配置文件",
	"packOptions": {
		"ignore": []
	},
	"setting": {
		"urlCheck": false,
		"es6": true,
		"enhance": false,
		"postcss": true,
		"minified": true,
		"newFeature": true,
		"autoAudits": false,
		"checkInvalidKey": true,
		"checkSiteMap": true,
		"uploadWithSourceMap": true,
		"babelSetting": {
			"ignore": [],
			"disablePlugins": [],
			"outputPath": ""
		}
	},
	"compileType": "miniprogram",
	"libVersion": "2.9.0",
	"appid": "wxbfb2ca595b2f8645",
	"projectname": "TestMyShop",
	"cloudfunctionTemplateRoot": "",
	"debugOptions": {
		"hidedInDevtools": []
	},
	"scripts": {},
	"simulatorType": "wechat",
	"simulatorPluginLibVersion": {},
	"condition": {
		"search": {
			"current": -1,
			"list": []
		},
		"conversation": {
			"current": -1,
			"list": []
		},
		"plugin": {
			"current": -1,
			"list": []
		},
		"game": {
			"list": []
		},
		"gamePlugin": {
			"current": -1,
			"list": []
		},
		"miniprogram": {
			"current": -1,
			"list": [
				{
					"id": -1,
					"name": "pages/cart/cart",
					"pathName": "pages/cart/cart",
					"query": "",
					"scene": null
				},
				{
					"id": -1,
					"name": "pages/producttype/producttype",
					"pathName": "pages/producttype/producttype",
					"query": "",
					"scene": null
				},
				{
					"id": -1,
					"name": "pages/show/show",
					"pathName": "pages/show/show",
					"query": "",
					"scene": null
				},
				{
					"id": -1,
					"name": "pages/login/login",
					"pathName": "pages/login/login",
					"query": "",
					"scene": null
				},
				{
					"id": -1,
					"name": "pages/register/register",
					"pathName": "pages/register/register",
					"query": "",
					"scene": null
				},
				{
					"id": -1,
					"name": "pages/my/my",
					"pathName": "pages/my/my",
					"query": "",
					"scene": null
				},
				{
					"id": -1,
					"name": "pages/my/order/order",
					"pathName": "pages/my/order/order",
					"query": "",
					"scene": null
				},
				{
					"id": -1,
					"name": "pages/my/updatepassword/updatepassword",
					"pathName": "pages/my/updatepassword/updatepassword",
					"query": "",
					"scene": null
				},
				{
					"id": -1,
					"name": "pages/my/mydetail/mydetail",
					"pathName": "pages/my/mydetail/mydetail",
					"scene": null
				}
			]
		}
	}
}